date,ta,hi,sc,surf
2017-11-25 00:00:00,3,4,2,5700
2017-11-25 01:00:00,3.22959229233589,3.91504066265662,1.95035543427841,5614.86920440607
2017-11-25 02:00:00,3.28490349455862,3.72738289682228,2.07170595211522,5618.94189293012
2017-11-25 03:00:00,2.99351836354395,4.53119774186345,1.98975725997519,6085.90297840127
2017-11-25 04:00:00,3.03202595728529,4.41483345764173,1.93799334375455,5946.17149854796
2017-11-25 05:00:00,2.30910236978778,4.38879521929203,1.90274474113825,5778.54960371772
2017-11-25 06:00:00,2.82927484408359,4.83380975525645,1.8817139135445,6166.67669579243
2017-11-25 07:00:00,3.6667819355601,4.99285562074007,1.91178138192958,6445.41306055984
2017-11-25 08:00:00,3.29992013181924,4.85283008306002,1.94031720128736,6317.46743351619
2017-11-25 09:00:00,2.68001626289465,5.14213781686326,2.05627637646265,6571.91672560212
2017-11-25 10:00:00,3.1278472511874,4.82630179632386,1.94230694674092,6273.99875000454
2017-11-25 11:00:00,3.17338851111428,4.37346560734252,2.02937671068464,6039.15628169425
2017-11-25 12:00:00,3.21633318670645,3.93222050474595,2.05149313663275,5739.54513527728
2017-11-25 13:00:00,3.65793066314784,3.66732600908722,1.99449415112157,5542.99002629936
2017-11-25 14:00:00,3.58346414226028,4.41983398912035,1.94077858705527,6035.77102361648
2017-11-25 15:00:00,3.73865297682962,4.06927350530569,1.9905921430678,5852.16923645498
2017-11-25 16:00:00,4.06690767455665,4.24894980163291,1.90226813540219,5936.80015473565
2017-11-25 17:00:00,3.75953148077659,4.25553957286606,1.94953088249633,5948.80664457441
2017-11-25 18:00:00,3.53924168434262,4.13634717883398,1.99963778683461,5882.73914696581
2017-11-25 19:00:00,3.26272455714791,4.27634527266753,2.10098237071482,6060.27280512702
2017-11-25 20:00:00,3.37255257093588,3.73577273305049,1.92020893445806,5467.94748669356
2017-11-25 21:00:00,3.14063413912141,3.77189357070601,2.08054750209453,5640.63123875407
2017-11-25 22:00:00,2.87075855101993,4.01720668024078,2.09491840396238,5800.30199729125
2017-11-25 23:00:00,3.3939431454424,4.03765724517241,1.92477067443181,5702.70141443146
2017-11-26 00:00:00,3.77172094327968,2.71175614509078,1.98608716830773,4833.92331465623
2017-11-26 01:00:00,3.52274153799839,3.96372573985463,1.96353618247937,5710.18374088002
2017-11-26 02:00:00,3.41337087138583,4.6452726351596,1.91059210468931,6145.37622485305
2017-11-26 03:00:00,3.49945678246655,4.37415608118212,1.89098614108196,5932.89498697377
2017-11-26 04:00:00,2.83283314225853,4.23356203337207,1.98513733240963,5833.37599532866
2017-11-26 05:00:00,2.63143486680374,4.17489771388522,1.89412991647363,5656.78467146731
2017-11-26 06:00:00,2.58514923525142,3.93454328395762,1.84734512943701,5416.94311887257
2017-11-26 07:00:00,2.92974545133541,5.67390072967688,1.86100603559349,6788.51915500065
2017-11-26 08:00:00,2.7989934842619,5.07827227862462,1.8982240381362,6364.05527451097
2017-11-26 09:00:00,2.64919813494211,4.6148521675772,1.92371247380889,6022.69537895922
2017-11-26 10:00:00,2.98031193992318,5.32610609900967,1.75463753405693,6415.59359105978
2017-11-26 11:00:00,2.64807806178855,4.92899247139841,1.90668988838361,6238.98218724865
2017-11-26 12:00:00,3.20002268410613,5.06547624852951,2.01555204703423,6546.60664192656
2017-11-26 13:00:00,2.87991601304681,5.52717789168528,2.19538124217543,7047.17471816835
2017-11-26 14:00:00,2.72083773370424,4.80342119935373,2.03008416133902,6294.53624107733
2017-11-26 15:00:00,2.82735908362772,4.36476164988854,2.17409799798188,6143.53534769017
2017-11-26 16:00:00,2.967490317405,3.32144393520218,2.26902637992077,5488.86117642325
2017-11-26 17:00:00,2.92666165208429,3.66431528860065,2.24057490308411,5707.88248023275
2017-11-26 18:00:00,2.73151543673586,3.77736956518003,1.88703022571403,5365.66349332368
2017-11-26 19:00:00,3.14428980839202,3.69204689145871,1.94302978907195,5426.58715255879
2017-11-26 20:00:00,2.85720844252229,3.60309338392023,1.97623222600945,5354.16255857915
2017-11-26 21:00:00,3.24441065713192,3.17920366030726,1.9031785321599,5012.14019248012
2017-11-26 22:00:00,3.26396966714218,3.7393512259634,1.884165821028,5413.79541820038
2017-11-26 23:00:00,3.26665310547028,3.87093238878235,1.90473102293447,5536.01965820859
2017-11-27 00:00:00,3.29845061926043,4.00840766283476,2.07349650407601,5833.75690710064
2017-11-27 01:00:00,3.20736445482446,4.81980102082433,2.04147314631803,6392.6127234497
2017-11-27 02:00:00,2.96780350272398,4.2925124522106,1.98344685128276,5895.93257225965
2017-11-27 03:00:00,2.77756952490862,3.70106813852883,2.06592084547869,5516.59748379644
2017-11-27 04:00:00,2.74546318657126,3.95328253499991,2.0774001592837,5713.85655842978
2017-11-27 05:00:00,3.20963550584705,4.56046820130662,1.99364253086974,6144.64432408548
2017-11-27 06:00:00,3.24821588114333,4.1418007334457,1.90626307100161,5738.12888713258
2017-11-27 07:00:00,2.7798011652384,4.10509012195361,2.02976701514964,5779.27565829431
2017-11-27 08:00:00,2.76429793755412,4.67394309852523,2.13759137858533,6324.89231543554
2017-11-27 09:00:00,2.67299854851402,4.79167303532531,2.33955448986254,6626.70335986645
2017-11-27 10:00:00,2.78720650962566,4.40976208416141,2.30268079835162,6315.91843771048
2017-11-27 11:00:00,3.3000367466445,4.12007315730507,2.20418822254597,6064.77213033969
2017-11-27 12:00:00,3.67330679491495,3.68352355476981,2.16019049023627,5743.85298683041
2017-11-27 13:00:00,4.03877277532554,3.34239087946939,2.1016862585628,5477.00611678402
2017-11-27 14:00:00,3.48193982456317,2.90699509495042,2.16863157481829,5142.24781656787
2017-11-27 15:00:00,3.18636187867169,2.85497458415499,2.07411614947482,4952.56588807616
2017-11-27 16:00:00,3.0639109866873,2.83631662751628,2.00079896034696,4837.72294903064
2017-11-27 17:00:00,3.15055069244404,3.11166037001133,1.90780426853137,4952.6076834729
2017-11-27 18:00:00,3.47279896098249,3.64900698353232,1.96070512278528,5463.46834493005
2017-11-27 19:00:00,3.97445344793122,3.04996371448983,2.04402568751259,5183.16970150872
2017-11-27 20:00:00,3.42746084357055,3.60144026743548,2.13525215578114,5617.35800236597
2017-11-27 21:00:00,3.23032992190966,3.32053622182078,2.18141368131699,5429.04204613365
2017-11-27 22:00:00,3.06185393366668,4.55973871466596,2.09923418867169,6240.72058830512
2017-11-27 23:00:00,3.01936298559766,3.99109668335729,1.92154194235337,5607.96164550515
2017-11-28 00:00:00,3.83272236457268,3.52060586988228,2.03022839193883,5499.36969802879
2017-11-28 01:00:00,4.35757895600502,3.56478498897771,2.16183452248047,5759.28942292457
2017-11-28 02:00:00,5.24163598131446,3.22070685997627,2.12616972851478,5593.7164867585
2017-11-28 03:00:00,6.9361131662625,2.49284654342423,1.9989693793716,5158.8924343006
2017-11-28 04:00:00,7.1337328068603,3.53449647181408,2.03835813427002,6014.08517594338
2017-11-28 05:00:00,8.2436002987543,3.95738045428503,1.98699370572099,6439.94330446303
2017-11-28 06:00:00,9.76234119785897,4.21370892155848,2.04209603496451,6921.99091018277
2017-11-28 07:00:00,11.050497568028,3.30723831472274,2.06864934219567,6465.23388121637
2017-11-28 08:00:00,12.5966433510699,4.13629808793563,2.03133175285452,7276.96829057354
2017-11-28 09:00:00,13.768426418438,3.77649240669884,1.94130296389385,7081.59910217041
2017-11-28 10:00:00,15.2769020114279,3.86188857862003,2.02958662875729,7471.23669303117
2017-11-28 11:00:00,16.8017429479392,3.92753793623759,1.98129672906237,7694.87371456425
2017-11-28 12:00:00,18.2499947477706,3.32126698314006,1.97093346406958,7445.74959659892
2017-11-28 13:00:00,19.5894157195029,4.13538198555063,1.97076192650832,8257.05601441027
2017-11-28 14:00:00,20.8028187794739,3.06232953322319,1.86459019607224,7514.83393741975
2017-11-28 15:00:00,23.1316874812985,3.99489255735296,1.93355078670712,8641.167175255
2017-11-28 16:00:00,25.3964502057173,4.21074392543323,1.92954136729605,9138.25951314058
2017-11-28 17:00:00,26.63003627862,3.9573549994678,1.96793235196625,9176.44558735589
2017-11-28 18:00:00,28.8929387320443,3.55753502820991,1.97703172760781,9226.25277452286
2017-11-28 19:00:00,30.2909819512312,3.83012955662346,1.92433774484818,9581.12442310648
2017-11-28 20:00:00,32.2052479433816,3.75614552884073,1.82771909097262,9704.08031548197
2017-11-28 21:00:00,34.0656600727445,4.01971228385761,1.75380063701249,10097.6589404439
2017-11-28 22:00:00,35.2619073177251,4.57337652052859,1.63343839347077,10556.9366807098
2017-11-28 23:00:00,37.2102071770625,4.42543757393948,1.68083014827694,10791.5431738255
2017-11-29 00:00:00,38.6390337850976,4.15266266155829,1.74860015375985,10877.5272369132
2017-11-29 01:00:00,39.231130057752,3.46798702773234,1.95483522906206,10684.8494121569
2017-11-29 02:00:00,41.1316281642086,3.11590622317699,2.06286120644704,10827.392749267
2017-11-29 03:00:00,42.3769139432191,3.35368077741773,1.91551893488872,11026.756476296
2017-11-29 04:00:00,42.6183963496637,3.97055353347237,2.16272080295051,11803.7355058732
2017-11-29 05:00:00,42.8129892331637,4.49170623219968,2.12686015079567,12183.4457287694
2017-11-29 06:00:00,43.3505824826339,4.5755452676503,2.17251859314908,12378.3297404255
2017-11-29 07:00:00,44.4701591932095,3.87576435699186,2.24012939725118,12097.4927186329
2017-11-29 08:00:00,44.3243245738171,4.55978166508467,2.11942158353498,12452.8342163629
2017-11-29 09:00:00,44.7117270534009,5.21752333230921,2.1933255504143,13087.3928014581
2017-11-29 10:00:00,44.4429055047232,5.14804073841218,2.08410364870609,12872.082984312
2017-11-29 11:00:00,44.1428091893846,4.56972980619282,2.11386084070973,12426.8121788508
2017-11-29 12:00:00,43.8762154337494,4.11770077588553,2.09891850221196,12030.991211965
2017-11-29 13:00:00,43.215111824345,4.42678721003113,1.95917207596453,12006.4257666352
2017-11-29 14:00:00,42.8740009219082,3.85720186620095,1.96303888812914,11532.4202870822
2017-11-29 15:00:00,42.3674854404561,4.31550201383774,1.82791150708186,11648.1497719138
2017-11-29 16:00:00,42.3619313306238,4.03601632040049,2.04413361978534,11680.9522621524
2017-11-29 17:00:00,42.6654543691758,3.47201056799797,1.97612646800722,11226.968357883
2017-11-29 18:00:00,41.4972762247365,3.67195082469402,2.0095312407227,11239.277198044
2017-11-29 19:00:00,40.6216240372078,4.14596907402309,1.82803932532996,11259.2646520947
2017-11-29 20:00:00,39.9090998730726,4.38092843669695,1.68623573808963,11169.0765138344
2017-11-29 21:00:00,39.614259745163,4.00368145597518,1.83973152843594,11014.5980232463
2017-11-29 22:00:00,39.0030462745913,4.40046891526688,2.03296631919773,11437.8957367363
2017-11-29 23:00:00,37.861419791085,3.42934067871669,2.00853273641039,10510.817806162
2017-11-30 00:00:00,36.7204063169127,3.67890938740268,1.94839932931157,10459.1922335644
2017-11-30 01:00:00,35.8032812342483,3.83813205533668,1.91244849477476,10400.5957832614
2017-11-30 02:00:00,34.6486970272642,4.14183745922472,1.85793401556808,10393.8584160223
2017-11-30 03:00:00,33.4253718606181,4.08018090044703,1.83413162186165,10137.3395290223
2017-11-30 04:00:00,32.7583134283738,3.80325707740148,1.84624502831112,9843.21547915719
2017-11-30 05:00:00,31.6987865274844,2.75237411356119,1.91531803593081,8973.8313547157
2017-11-30 06:00:00,30.3837410870709,2.66906343783292,1.81414505064442,8600.27192341029
2017-11-30 07:00:00,29.2402565396659,3.8494797462532,1.85254268902593,9357.25881579396
2017-11-30 08:00:00,28.4568100663085,4.58824220360375,1.95559591022959,9909.74856165738
2017-11-30 09:00:00,28.3062524373558,5.24456210524551,1.89883223508635,10315.5457090096
2017-11-30 10:00:00,27.4742028416202,4.65206045296717,1.91249552108577,9761.7332271899
2017-11-30 11:00:00,26.1386299699769,5.59662179149784,1.86988604877718,10221.8826439942
2017-11-30 12:00:00,25.1231677330209,5.73288211584048,1.88873741178124,10192.9663350874
2017-11-30 13:00:00,24.2521865117631,6.59120132136688,1.90604188058827,10725.5260834514
2017-11-30 14:00:00,23.5914628621553,6.71360353209934,1.88309739966786,10692.4066530241
2017-11-30 15:00:00,23.0083851000178,6.74477793770714,1.77511494692259,10506.8455335709
2017-11-30 16:00:00,21.888692463323,7.62469140913731,1.78289139392384,11007.5752445158
2017-11-30 17:00:00,20.8795395253826,7.43026115332576,1.79365448461783,10722.4880889968
2017-11-30 18:00:00,20.118918076419,7.43426222534403,1.89423268907125,10724.546155676
2017-11-30 19:00:00,19.6946236195291,8.34005812564208,1.93009327413803,11380.5920705662
2017-11-30 20:00:00,19.6856552460399,8.52286433045048,1.86334300800915,11441.2574187541
2017-11-30 21:00:00,18.6551763242807,8.57633434149508,1.68299628304672,11123.898023191
2017-11-30 22:00:00,18.0180279950104,10.0377440582084,1.92052556025158,12391.6034981909
2017-11-30 23:00:00,17.64112164019,10.5141878913052,1.82417308427014,12584.0038843113
2017-12-01 00:00:00,17.5054889934772,11.120271820857,1.72550237880114,12907.2173908156
2017-12-01 01:00:00,16.9212595590612,11.2121935061893,1.87290106054031,13054.347756609
2017-12-01 02:00:00,15.8720294372551,10.811053172858,1.85924675776519,12580.7468977176
2017-12-01 03:00:00,15.7548024744609,10.7605307226958,1.74489123804454,12396.6210559911
2017-12-01 04:00:00,15.3316631508944,12.2484679242367,1.7609995268418,13467.2248835087
2017-12-01 05:00:00,14.8177429615058,12.7372264752969,1.87825914132959,13888.6228346943
2017-12-01 06:00:00,14.2032717026849,12.6692203449878,1.9371551123061,13811.705515488
2017-12-01 07:00:00,13.4963245990097,13.9102853878659,1.9451160721165,14645.418311882
2017-12-01 08:00:00,12.8469370004105,14.5882322683844,1.93521436160173,15045.3309081518
2017-12-01 09:00:00,12.4786410795478,15.0139270849643,1.82063089683304,15180.4512345925
2017-12-01 10:00:00,11.8950279190055,15.7182168895589,1.95092162803772,15767.7036865624
2017-12-01 11:00:00,11.7280968799282,16.9072068675956,1.80725480860804,16472.78134237
2017-12-01 12:00:00,11.1901120864265,16.9860422545368,1.75177589794571,16388.7963890555
2017-12-01 13:00:00,10.4740712275097,17.9921155374624,1.73065285496111,17012.1817990545
2017-12-01 14:00:00,10.6574307262215,17.5310161592107,1.84280105652664,16820.0279169337
2017-12-01 15:00:00,10.1466918848656,18.21429708004,1.86205942407859,17277.5434448483
2017-12-01 16:00:00,9.99422659987279,18.9141306425034,1.82581995707735,17738.7794235705
2017-12-01 17:00:00,9.49684516745859,19.1228883250944,1.76587920192199,17753.3071211018
2017-12-01 18:00:00,8.79050283020939,19.0771599848505,1.58774803328896,17412.6619506194
2017-12-01 19:00:00,8.38500748539843,19.3055221954999,1.82313501648564,17787.919662981
2017-12-01 20:00:00,8.18834208555441,20.3086321613821,1.8032428088478,18488.3735938235
2017-12-01 21:00:00,8.12102918432232,20.5584668221772,1.86369032950872,18733.6561149785
2017-12-01 22:00:00,8.90145599758568,20.9686616157787,1.76290314080946,19044.9806448826
2017-12-01 23:00:00,8.42860698395356,22.3060864591568,1.58112701295273,19772.6237815324
2017-12-02 00:00:00,7.90718558085414,22.6389456618761,1.61261623951641,19979.4803529912
2017-12-02 01:00:00,7.80134329591988,23.142269314098,1.69962632636418,20438.9830971212
2017-12-02 02:00:00,6.81758336624249,22.169864413812,1.99665015171144,19896.2672359707
2017-12-02 03:00:00,6.9450967552723,22.515620213052,2.18989282623436,20392.1091025935
2017-12-02 04:00:00,7.29716139626084,23.005928910669,2.46752442863073,21124.9858746504
2017-12-02 05:00:00,6.81263811591145,23.979032963203,2.48545863718297,21802.3114066198
2017-12-02 06:00:00,7.2349701520305,22.9200702006424,2.78519334193138,21408.6406829592
2017-12-02 07:00:00,7.3788172738279,22.4062621568529,3.03173589689842,21322.2220927246
2017-12-02 08:00:00,6.92685538414749,22.4044757095422,3.02409729720605,21244.4945491356
2017-12-02 09:00:00,6.91574034881493,21.8131380348962,3.14472180762068,20935.0266120676
2017-12-02 10:00:00,6.60838273064736,21.8131125017433,3.26071387530227,21019.3948956196
2017-12-02 11:00:00,6.06770197118011,21.6634475403219,3.42746585092543,21013.6400332095
2017-12-02 12:00:00,5.94913080760046,21.9206814350725,3.69366544387206,21488.2543218005
2017-12-02 13:00:00,5.99556147881427,23.2319386713067,3.71999596188693,22508.2836824249
2017-12-02 14:00:00,5.38821128983794,23.6204807078402,3.74728509848206,22739.2879601481
2017-12-02 15:00:00,5.68393408121604,24.1606000795109,3.95211295985938,23419.1672516573
2017-12-02 16:00:00,5.71300759191463,23.2791199422715,4.14208244583439,22976.1338470545
2017-12-02 17:00:00,5.39207830140331,23.8983845220267,4.1741497242514,23428.5185765134
2017-12-02 18:00:00,5.01514401838405,23.3641419283275,4.29181472014244,23103.6696091635
2017-12-02 19:00:00,5.39610181074292,23.2454338850499,4.52488378395539,23333.9849423487
2017-12-02 20:00:00,5.69255093950042,22.7308341801141,4.92881857576612,23446.9291737476
2017-12-02 21:00:00,5.76303896606719,23.6180223504181,4.9713455540848,24170.736356069
2017-12-02 22:00:00,5.43447627555642,22.8137640510817,5.23694122579895,23817.0533586685
2017-12-02 23:00:00,4.79973782400422,22.0073990988572,5.56615539971056,23487.4348224179
2017-12-03 00:00:00,4.55722493766359,23.1153645252344,5.42889121394634,24127.6097502649
2017-12-03 01:00:00,4.13037053504965,22.3640257295089,5.74003950928463,23850.1193253344
2017-12-03 02:00:00,4.27033608339025,21.6950075904321,5.61030094812729,23223.3946719758
2017-12-03 03:00:00,4.64568737624441,20.9821029163059,5.75909817594192,22912.4157416007
2017-12-03 04:00:00,4.50247537773729,22.9733863422049,6.28361099755884,24974.473435568
2017-12-03 05:00:00,4.52095439562961,22.3811013890215,6.38193996250907,24643.6516589333
2017-12-03 06:00:00,4.63320118857648,21.9133178992372,6.56251177869469,24512.7943537459
2017-12-03 07:00:00,4.36545855963819,21.1263682322287,7.0220887357629,24399.4447858505
2017-12-03 08:00:00,4.77956468356056,21.2277974967911,7.13482284083062,24664.4585210619
2017-12-03 09:00:00,4.49965610720745,21.3157580957489,7.20981138704259,24772.8047983157
2017-12-03 10:00:00,4.34671755583204,20.4786946890128,7.55637171342851,24511.9468277415
2017-12-03 11:00:00,4.51266622853457,19.746788551088,7.59670092504527,24033.2798882721
2017-12-03 12:00:00,4.00359290653141,19.3807420309457,7.85880602411565,23977.2522363191
2017-12-03 13:00:00,3.86855477559756,20.7005363684643,8.03905867696274,25149.6265042709
2017-12-03 14:00:00,3.72336476341072,19.8584007451596,8.088285212348,24551.6261372728
2017-12-03 15:00:00,4.08067724227306,19.97909897323,8.28275094397997,24914.520628241
2017-12-03 16:00:00,3.99676247594524,18.4831631744785,8.51934773252244,24046.1529513384
2017-12-03 17:00:00,3.84072799467402,19.4112729066636,8.97593866912331,25232.4948819625
2017-12-03 18:00:00,3.66062079379931,18.6108259018081,9.34877983606274,25024.5898609966
2017-12-03 19:00:00,3.77272829766787,18.0761150755867,9.57866392715259,24898.9924693869
2017-12-03 20:00:00,3.96807808643238,17.2612061012786,9.5414682142941,24275.2680300047
2017-12-03 21:00:00,3.94948630544126,18.2059847170937,9.69672666864518,25155.7289858623
2017-12-03 22:00:00,3.93651492329555,17.3301527854101,9.6436218733061,24437.1664350213
2017-12-03 23:00:00,4.2544647270605,16.2786654979642,10.1332796011838,24247.1083838639
2017-12-04 00:00:00,4.08603148176648,16.5514123518731,10.357807883561,24678.9978551759
2017-12-04 01:00:00,4.36857136779263,17.5181254060899,10.4378129215717,25536.4192965045
2017-12-04 02:00:00,3.66027662934623,16.6920422600134,10.8158695950901,25235.9264838884
2017-12-04 03:00:00,3.16839345557543,16.7899903946496,10.852232020792,25276.5128377144
2017-12-04 04:00:00,3.73989458369206,16.6079307851264,10.7170431314359,25073.605799264
2017-12-04 05:00:00,3.83140281055556,15.7891034902111,11.0336476147397,24829.3916058238
2017-12-04 06:00:00,3.86090051666002,15.1956367242909,11.0992633364082,24462.5338741764
2017-12-04 07:00:00,3.47990066653748,13.9898820901754,11.2694900297099,23692.5729510358
2017-12-04 08:00:00,3.52434083188013,14.2640844486918,11.5637627522527,24235.9475575851
2017-12-04 09:00:00,3.33083677334433,14.2691603559117,11.7523306263203,24422.8677375457
2017-12-04 10:00:00,3.47482370639687,13.9816112172078,11.6196498022753,24079.5379964251
2017-12-04 11:00:00,3.66056257312341,13.0347914560244,11.8465408045428,23652.5363830975
2017-12-04 12:00:00,3.81514592925091,13.1499985761399,13.153816613595,25232.814511787
2017-12-04 13:00:00,3.84572383077965,13.1530911102035,13.0603780052331,25134.6021631568
2017-12-04 14:00:00,3.44902375367935,13.5033351523261,13.1752727764571,25467.0368008107
2017-12-04 15:00:00,3.43724428217334,12.2647830349917,13.0422516723991,24386.7070500188
2017-12-04 16:00:00,2.88695257768256,11.5129223434073,12.8614667434728,23536.8847306147
2017-12-04 17:00:00,2.98877651003507,11.0450487641948,12.7715514099794,23100.0983858782
2017-12-04 18:00:00,2.8757772827303,10.9292105345014,13.0634316756793,23324.6351284249
2017-12-04 19:00:00,2.77524286731331,11.2501889877839,12.7741997221712,23224.9028583775
2017-12-04 20:00:00,3.53419392054698,11.2413356884675,12.8549975723743,23423.0031233538
2017-12-04 21:00:00,3.19147680487176,11.5331975372779,13.1631775031272,23937.1943647072
2017-12-04 22:00:00,3.29857215613852,11.0212117562306,12.9105880104093,23285.1061523041
2017-12-04 23:00:00,2.79977965261734,10.4631642913635,12.4765317121845,22303.4383426228
2017-12-05 00:00:00,2.60251111719948,10.1703395149341,12.3872736422836,21953.8141513496
2017-12-05 01:00:00,3.33074604082687,10.7545789318611,12.3713456172631,22483.3099244408
2017-12-05 02:00:00,3.18979177552299,9.84215792432733,12.3407527400008,21743.4340420749
2017-12-05 03:00:00,2.55545749273805,9.32073392150836,12.9381766940487,21929.3178458467
2017-12-05 04:00:00,2.61102599143357,9.98402508553635,12.8979810169838,22389.9013569741
2017-12-05 05:00:00,2.89989500457167,9.30076841774329,12.8805232762628,21901.1492497889
2017-12-05 06:00:00,2.56497620003441,9.67531641883999,12.5156636898668,21721.3553952353
2017-12-05 07:00:00,3.69525050052861,9.81580941322004,12.547852018693,22032.4781560239
2017-12-05 08:00:00,3.651964320513,9.02199560156937,12.3053716618264,21157.8344688086
2017-12-05 09:00:00,3.5959880749252,8.87255689393734,12.3163543499662,21049.7145254038
2017-12-05 10:00:00,3.03989332913398,8.49905765672429,12.2690569917072,20632.966357584
2017-12-05 11:00:00,3.11858239823148,8.5044288280245,12.2468382265542,20623.8019856266
2017-12-05 12:00:00,2.92836245984001,8.35523782029634,12.0988710447042,20316.9126594905
2017-12-05 13:00:00,2.72308723250471,7.15607109793622,11.8513247857932,19108.2567923452
2017-12-05 14:00:00,2.74438835321565,7.86502905467729,12.2362558290233,20076.2178516416
2017-12-05 15:00:00,2.59027978607901,8.30001930020467,12.1202046612024,20248.786686918
2017-12-05 16:00:00,2.33386470859502,7.83423254243713,11.8730898358396,19582.9801784366
2017-12-05 17:00:00,1.87742262155349,7.36762699932983,12.0189051064148,19328.601887447
2017-12-05 18:00:00,1.95534143476003,7.49006052310971,11.9086984428403,19308.1323557416
2017-12-05 19:00:00,2.20785691017816,6.98756288968431,11.8955669971474,18954.3635755808
2017-12-05 20:00:00,1.7879799057535,6.84302147600742,11.570507064772,18417.2835407371
2017-12-05 21:00:00,1.61361040823409,7.23501971189229,11.7908975571353,18933.0660969315
2017-12-05 22:00:00,2.49913359135767,7.0858709252573,11.8317584409791,19000.0014787481
2017-12-05 23:00:00,2.98808086215515,7.7449369079937,11.3112143755719,18982.030982837
2017-12-06 00:00:00,3.1253109549063,7.88048988849602,11.4121094931681,19217.7872394221
2017-12-06 01:00:00,3.08130998277993,7.72554960940239,11.3922717174057,19072.6643865502
2017-12-06 02:00:00,3.03681579047224,6.53603260701577,10.9953114882606,17727.2722481258
2017-12-06 03:00:00,2.60481781286131,5.93339604780648,11.5176365377058,17798.1108127031
2017-12-06 04:00:00,2.58780373481643,7.0682298186301,11.2294599602047,18322.4853794253
2017-12-06 05:00:00,2.62234037461451,7.37591788748492,11.2770667540139,18611.9895700715
2017-12-06 06:00:00,2.40792733186981,6.71048454586686,10.9619690599548,17726.2677016297
2017-12-06 07:00:00,2.9564271132537,6.9663174828989,10.6977835951116,17703.2087236628
2017-12-06 08:00:00,3.07158149585544,6.35774194055242,10.4867865777884,17026.6785798046
2017-12-06 09:00:00,3.25765187638993,6.74062984682501,10.4696571843573,17322.4844989793
2017-12-06 10:00:00,2.82867772973343,5.90410638930066,10.1800786541682,16304.9699373747
2017-12-06 11:00:00,3.04002109698734,6.04875249819776,10.1369508128009,16396.6372025975
2017-12-06 12:00:00,2.75231052562035,6.59096968275575,10.0836623931389,16700.1940331912
2017-12-06 13:00:00,2.79794490023508,6.32829164688487,9.84040200797234,16236.3627291678
2017-12-06 14:00:00,2.70418263497369,6.03513328050711,9.73331211806653,15881.9534884512
2017-12-06 15:00:00,3.29518204240473,6.75100905298127,9.97684356360497,16781.4831051522
2017-12-06 16:00:00,3.2190311633572,5.66468182005353,9.92547618156225,15897.5267438012
2017-12-06 17:00:00,3.65212087443663,5.82899080033225,9.81405675382728,15960.3750794704
2017-12-06 18:00:00,3.17438599561512,6.01510758889372,9.71403893010587,15915.7823873817
2017-12-06 19:00:00,3.2859921247331,5.31005810441112,9.59304235073061,15267.6150415902
2017-12-06 20:00:00,3.02681462895618,5.49295551632627,9.31250539928493,15050.3074057837
2017-12-06 21:00:00,2.78879692657923,5.48466235785453,9.26166586322349,14951.1904035042
2017-12-06 22:00:00,3.49559535426041,5.582457820826,9.56973340761839,15477.1327523293
2017-12-06 23:00:00,3.25394704916792,6.29994904447977,9.21788672581042,15583.1764072717
2017-12-07 00:00:00,3.47548012340674,6.36466814422777,8.88939698617897,15295.3947361332
2017-12-07 01:00:00,3.32225063274133,6.62229532596563,8.41169752462387,14928.2188045873
2017-12-07 02:00:00,3.0358198102165,6.76663801476167,8.5024139940953,15095.5672259609
2017-12-07 03:00:00,3.06130867898248,4.72417249686759,8.31417255307825,13355.7697967111
2017-12-07 04:00:00,2.92349498620684,4.33070329231947,7.94959568718292,12629.8468652514
2017-12-07 05:00:00,2.75308511043658,5.1287287861872,7.89972062146909,13146.6950553586
2017-12-07 06:00:00,2.66803267063672,5.04186302052717,7.85031906213623,13013.2111108941
2017-12-07 07:00:00,2.19888328003234,4.52093421719183,7.87963709233837,12585.1248837794
2017-12-07 08:00:00,2.38079626452576,4.44881598870634,7.98410692195169,12675.8517184043
2017-12-07 09:00:00,2.36857820832975,4.79331943694305,7.79742052932216,12722.3744044442
2017-12-07 10:00:00,2.12265609694111,5.23538138679995,7.83882467952724,13063.6122191093
2017-12-07 11:00:00,2.65424700294703,5.16148184968896,7.55521507017883,12768.86539166
2017-12-07 12:00:00,3.04843129484734,5.83642526151144,7.35969869113871,13114.2446678917
2017-12-07 13:00:00,3.30641222780543,4.76513161988221,7.16488144053537,12130.3021696848
2017-12-07 14:00:00,3.30105983665879,4.43590822279048,7.226022051991,11951.3649510816
2017-12-07 15:00:00,3.37483551958459,3.81308571260547,7.25049080378667,11522.8417666518
2017-12-07 16:00:00,3.21371393162628,2.86282995588369,6.92945844345281,10424.8203055411
2017-12-07 17:00:00,3.03773154548698,4.04156766365949,7.21843302146331,11607.5726287139
2017-12-07 18:00:00,2.79052263198988,4.13257107388746,6.92764286080619,11311.604918621
2017-12-07 19:00:00,2.65168561351493,4.19239068340006,6.61817847735665,10987.4966416035
2017-12-07 20:00:00,2.82994225882753,4.82243531410533,6.45001398787838,11297.5835607663
2017-12-07 21:00:00,2.74701650397004,4.97790742436057,6.38723430354726,11331.1216353566
2017-12-07 22:00:00,2.87126693772982,5.38524050739748,6.17629735474126,11417.9549452915
2017-12-07 23:00:00,2.50244144015126,5.7021143502307,6.15031812174516,11571.059865659
2017-12-08 00:00:00,1.82891108875908,5.79531551129761,6.01202599162527,11384.3525373655
2017-12-08 01:00:00,1.94326266842852,4.14083829239978,6.20049619734739,10372.6763415799
2017-12-08 02:00:00,2.06200256124473,3.68940977093083,6.00316232590022,9829.91532902258
2017-12-08 03:00:00,2.4440594520901,3.19276574100834,5.99135939519097,9501.46254315961
2017-12-08 04:00:00,2.33347643898868,3.54080093553897,5.64837158935154,9360.04020552302
2017-12-08 05:00:00,2.28696463329312,2.90313845065082,5.67345478347763,8903.03516439442
2017-12-08 06:00:00,2.4545690278528,3.21175847985578,5.41107813596369,8864.46711702891
2017-12-08 07:00:00,2.41556407796467,3.79217692896444,5.38307172943268,9262.42300402979
2017-12-08 08:00:00,2.57476179260343,4.5240474187114,5.17866082580032,9605.24326194942
2017-12-08 09:00:00,2.86732328142687,4.01479513210691,5.02281225977851,9091.85863354504
2017-12-08 10:00:00,2.45311956597477,3.30918069678088,5.17246772313995,8668.87964601432
2017-12-08 11:00:00,3.29664836158453,3.81735388126099,5.10474749784755,9100.35360026191
2017-12-08 12:00:00,3.54248680288353,3.98670063826237,5.0332972447584,9183.85789948251
2017-12-08 13:00:00,3.39715141866672,3.74931567878741,4.71156519682795,8622.07031832201
2017-12-08 14:00:00,3.74981052063925,4.23654105299067,4.84286968712843,9188.10576585837
2017-12-08 15:00:00,3.58746303653479,4.13895982370203,4.9364901125056,9195.89069982554
2017-12-08 16:00:00,3.23599596960645,4.17197084029888,4.82689784687346,9044.63760339777
2017-12-08 17:00:00,2.73821137891146,3.86665291502096,4.76752016607838,8674.18157994062
2017-12-08 18:00:00,2.80392545165475,4.58393442366114,4.70257866693198,9148.94063579254
2017-12-08 19:00:00,2.80176394254832,4.99568186520592,4.87332711836253,9649.51899844454
2017-12-08 20:00:00,3.16819983691849,4.88100812254455,4.78442498420827,9518.46417468049
2017-12-08 21:00:00,3.0471170191131,5.01145377840004,4.99663898713949,9836.87674719892
2017-12-08 22:00:00,3.38886783336922,5.34767804792072,4.52838595955916,9613.52291544997
2017-12-08 23:00:00,3.20135858318311,5.13697111591653,4.38768052335798,9269.07271319259
